id;full_name;email;phone;status;photo_1;photo_1_content_type;gender;point
1;amongst underneath;Aglam8hs88@hotmail.com;+90-173-853-79-80;PENDING;../fake-data/blob/hipster.png;image/png;WOMAN;18613
2;however now;K8hz8hlalma.Akman30@hotmail.com;+90-394-112-66-26;CANCELLED;../fake-data/blob/hipster.png;image/png;WOMAN;15282
3;including content crafty;Gundogmus77@hotmail.com;+90-498-245-78-73;CANCELLED;../fake-data/blob/hipster.png;image/png;MAN;32737
4;duh or;Akbulak.Akay85@gmail.com;+90-860-859-4-095;PENDING;../fake-data/blob/hipster.png;image/png;WOMAN;17900
5;whenever marksman;Begtas92@yahoo.com;+90-981-943-07-02;PENDING;../fake-data/blob/hipster.png;image/png;MAN;16156
6;fashion eek;Eyiz3@gmail.com;+90-306-926-0-274;CONFIRMED;../fake-data/blob/hipster.png;image/png;MAN;29624
7;supposing;Burulgu83@yahoo.com;+90-172-941-76-28;CONFIRMED;../fake-data/blob/hipster.png;image/png;MAN;32660
8;availability enrich outsource;Kanc8h_Onur@gmail.com;+90-578-812-13-64;PENDING;../fake-data/blob/hipster.png;image/png;MAN;11657
9;gah;Egemen.Sozeri@yahoo.com;+90-686-253-9-782;PENDING;../fake-data/blob/hipster.png;image/png;WOMAN;19681
10;among even;Begine47@hotmail.com;+90-167-343-9-300;CANCELLED;../fake-data/blob/hipster.png;image/png;WOMAN;1267
